Class,Area,Compactness,Eccentricity
LSIL,2325,8.163444433993236,0.5496008377060103
LSIL,3008,1.6822368997480994,0.7562697217939598
LSIL,818,1.6559418356285236,0.8483995864788284
Negative for intraepithelial lesion,561,1.1300320449747876,0.6158865162660031
Negative for intraepithelial lesion,383,1.3520887899784855,0.7603525544227272
Negative for intraepithelial lesion,282,1.0947067450724026,0.6110826711582752
Negative for intraepithelial lesion,8953,3.1841922238056246,0.7001927041448568
Negative for intraepithelial lesion,404,1.214635025676642,0.4634685852771081
Negative for intraepithelial lesion,407,1.328398754962077,0.7915682876572492
